{"cameraMode":{"drawMode":0,"name":"Shaded","section":"Shading Mode"},"sceneLighting":false,"audioPlay":false,"sceneViewState":{"m_AlwaysRefresh":false,"showFog":true,"showSkybox":true,"showFlares":true,"showImageEffects":true,"showParticleSystems":true,"showVisualEffectGraphs":true,"m_FxEnabled":true},"in2DMode":false,"pivot":{"x":21.596187591552736,"y":2.3222475051879885,"z":7.371345520019531},"rotation":{"x":-0.09853319078683853,"y":-0.841986358165741,"z":0.16445118188858033,"w":-0.5043671131134033},"size":-0.10754656791687012,"orthographic":false}